session_name,session_id,session_time,metric,source_file,Time,HoloCapturerPreparer,HoloCapturerRenderer
Demo_Session_001_10_13,001,10_13,latency,Demo_Session_001_10_13_latency.csv,28:10:2025 09:13:50,-342,-231
Demo_Session_001_10_13,001,10_13,latency,Demo_Session_001_10_13_latency.csv,28:10:2025 09:13:55,-227,-73
Demo_Session_001_10_13,001,10_13,latency,Demo_Session_001_10_13_latency.csv,28:10:2025 09:14:00,-163,-13
Demo_Session_001_10_13,001,10_13,latency,Demo_Session_001_10_13_latency.csv,28:10:2025 09:14:05,-112,-256
Demo_Session_001_10_13,001,10_13,latency,Demo_Session_001_10_13_latency.csv,28:10:2025 09:14:10,-514,-422
Demo_Session_001_10_13,001,10_13,latency,Demo_Session_001_10_13_latency.csv,28:10:2025 09:14:15,-482,-164
Demo_Session_001_10_13,001,10_13,latency,Demo_Session_001_10_13_latency.csv,28:10:2025 09:14:20,-512,-480
Demo_Session_001_10_13,001,10_13,latency,Demo_Session_001_10_13_latency.csv,28:10:2025 09:14:25,-259,-68
Demo_Session_001_10_13,001,10_13,latency,Demo_Session_001_10_13_latency.csv,28:10:2025 09:14:30,-161,-58
Demo_Session_001_10_13,001,10_13,latency,Demo_Session_001_10_13_latency.csv,28:10:2025 09:14:35,-499,-453
Demo_Session_001_10_13,001,10_13,latency,Demo_Session_001_10_13_latency.csv,28:10:2025 09:14:40,-165,-424
Demo_Session_001_10_13,001,10_13,latency,Demo_Session_001_10_13_latency.csv,28:10:2025 09:14:45,-449,-72
Demo_Session_001_10_13,001,10_13,latency,Demo_Session_001_10_13_latency.csv,28:10:2025 09:14:50,-499,-415
Demo_Session_001_10_13,001,10_13,latency,Demo_Session_001_10_13_latency.csv,28:10:2025 09:14:55,-313,-123
Demo_Session_001_10_13,001,10_13,latency,Demo_Session_001_10_13_latency.csv,28:10:2025 09:15:00,-454,-492
Demo_Session_001_10_13,001,10_13,latency,Demo_Session_001_10_13_latency.csv,28:10:2025 09:15:05,-465,-69
Demo_Session_001_10_13,001,10_13,latency,Demo_Session_001_10_13_latency.csv,28:10:2025 09:15:10,-470,-19
Demo_Session_001_10_13,001,10_13,latency,Demo_Session_001_10_13_latency.csv,28:10:2025 09:15:15,-301,-54
Demo_Session_001_10_13,001,10_13,latency,Demo_Session_001_10_13_latency.csv,28:10:2025 09:15:20,-102,-111
Demo_Session_001_10_13,001,10_13,latency,Demo_Session_001_10_13_latency.csv,28:10:2025 09:15:25,-235,-356
Demo_Session_001_10_13,001,10_13,latency,Demo_Session_001_10_13_latency.csv,28:10:2025 09:15:30,-160,-380
Demo_Session_001_10_13,001,10_13,latency,Demo_Session_001_10_13_latency.csv,28:10:2025 09:15:35,-504,-63
Demo_Session_001_10_13,001,10_13,latency,Demo_Session_001_10_13_latency.csv,28:10:2025 09:15:40,-503,-105
Demo_Session_001_10_13,001,10_13,latency,Demo_Session_001_10_13_latency.csv,28:10:2025 09:15:45,-503,-487
Demo_Session_001_10_13,001,10_13,latency,Demo_Session_001_10_13_latency.csv,28:10:2025 09:15:50,-498,-366
Demo_Session_001_10_13,001,10_13,latency,Demo_Session_001_10_13_latency.csv,28:10:2025 09:15:55,-155,-92
Demo_Session_001_10_13,001,10_13,latency,Demo_Session_001_10_13_latency.csv,28:10:2025 09:16:00,-132,-74
Demo_Session_001_10_13,001,10_13,latency,Demo_Session_001_10_13_latency.csv,28:10:2025 09:16:05,-265,-84
Demo_Session_001_10_13,001,10_13,latency,Demo_Session_001_10_13_latency.csv,28:10:2025 09:16:10,-124,-62
Demo_Session_001_10_13,001,10_13,latency,Demo_Session_001_10_13_latency.csv,28:10:2025 09:16:15,-117,-140
Demo_Session_001_10_13,001,10_13,latency,Demo_Session_001_10_13_latency.csv,28:10:2025 09:16:20,-287,-76
Demo_Session_001_10_13,001,10_13,latency,Demo_Session_001_10_13_latency.csv,28:10:2025 09:16:25,-319,-97
Demo_Session_001_10_13,001,10_13,latency,Demo_Session_001_10_13_latency.csv,28:10:2025 09:16:30,-215,-3
Demo_Session_001_10_13,001,10_13,latency,Demo_Session_001_10_13_latency.csv,28:10:2025 09:16:35,-190,-444
Demo_Session_001_10_13,001,10_13,latency,Demo_Session_001_10_13_latency.csv,28:10:2025 09:16:40,-76,-76
Demo_Session_001_10_13,001,10_13,latency,Demo_Session_001_10_13_latency.csv,28:10:2025 09:16:45,-155,-330
Demo_Session_001_10_13,001,10_13,latency,Demo_Session_001_10_13_latency.csv,28:10:2025 09:16:50,-60,-403
Demo_Session_001_10_13,001,10_13,latency,Demo_Session_001_10_13_latency.csv,28:10:2025 09:16:55,-230,16
Demo_Session_001_10_13,001,10_13,latency,Demo_Session_001_10_13_latency.csv,28:10:2025 09:17:00,-208,-55
Demo_Session_001_10_13,001,10_13,latency,Demo_Session_001_10_13_latency.csv,28:10:2025 09:17:05,-113,-293
Demo_Session_001_10_13,001,10_13,latency,Demo_Session_001_10_13_latency.csv,28:10:2025 09:17:10,-413,-394
Demo_Session_001_10_13,001,10_13,latency,Demo_Session_001_10_13_latency.csv,28:10:2025 09:17:15,-451,-403
Demo_Session_001_10_13,001,10_13,latency,Demo_Session_001_10_13_latency.csv,28:10:2025 09:17:20,-411,0
Demo_Session_001_10_13,001,10_13,latency,Demo_Session_001_10_13_latency.csv,28:10:2025 09:17:25,2130,1313
Demo_Session_001_10_13,001,10_13,latency,Demo_Session_001_10_13_latency.csv,28:10:2025 09:17:30,3710,3630
Demo_Session_001_10_13,001,10_13,latency,Demo_Session_001_10_13_latency.csv,28:10:2025 09:17:35,5125,5281
Demo_Session_001_10_13,001,10_13,latency,Demo_Session_001_10_13_latency.csv,28:10:2025 09:17:40,7645,7783
Demo_Session_001_10_13,001,10_13,latency,Demo_Session_001_10_13_latency.csv,28:10:2025 09:17:45,9283,9359
Demo_Session_001_10_13,001,10_13,latency,Demo_Session_001_10_13_latency.csv,28:10:2025 09:17:50,11473,11596
Demo_Session_001_10_13,001,10_13,latency,Demo_Session_001_10_13_latency.csv,28:10:2025 09:17:55,12961,12993
Demo_Session_001_10_13,001,10_13,latency,Demo_Session_001_10_13_latency.csv,28:10:2025 09:18:00,15521,15586
Demo_Session_001_10_13,001,10_13,latency,Demo_Session_001_10_13_latency.csv,28:10:2025 09:18:05,16839,16863
Demo_Session_001_10_13,001,10_13,latency,Demo_Session_001_10_13_latency.csv,28:10:2025 09:18:10,18316,18274
Demo_Session_001_10_13,001,10_13,latency,Demo_Session_001_10_13_latency.csv,28:10:2025 09:18:15,20693,20652
Demo_Session_001_10_13,001,10_13,latency,Demo_Session_001_10_13_latency.csv,28:10:2025 09:18:20,20693,25385
Demo_Session_001_10_13,001,10_13,latency,Demo_Session_001_10_13_latency.csv,28:10:2025 09:18:25,20693,29402
Demo_Session_001_10_13,001,10_13,latency,Demo_Session_001_10_13_latency.csv,28:10:2025 09:18:30,20693,35414
Demo_Session_001_10_13,001,10_13,latency,Demo_Session_001_10_13_latency.csv,28:10:2025 09:18:35,20693,39427
Demo_Session_001_10_13,001,10_13,latency,Demo_Session_001_10_13_latency.csv,28:10:2025 09:18:40,20693,45441
Demo_Session_001_10_13,001,10_13,latency,Demo_Session_001_10_13_latency.csv,28:10:2025 09:18:45,20693,49453
Demo_Session_001_10_13,001,10_13,latency,Demo_Session_001_10_13_latency.csv,28:10:2025 09:18:50,2109,1558
Demo_Session_001_10_13,001,10_13,latency,Demo_Session_001_10_13_latency.csv,28:10:2025 09:18:55,3721,4172
Demo_Session_001_10_13,001,10_13,latency,Demo_Session_001_10_13_latency.csv,28:10:2025 09:19:00,5925,5520
Demo_Session_001_10_13,001,10_13,latency,Demo_Session_001_10_13_latency.csv,28:10:2025 09:19:05,7509,7022
Demo_Session_001_10_13,001,10_13,latency,Demo_Session_001_10_13_latency.csv,28:10:2025 09:19:10,7019,6684
Demo_Session_001_10_13,001,10_13,latency,Demo_Session_001_10_13_latency.csv,28:10:2025 09:19:15,5780,5827
Demo_Session_001_10_13,001,10_13,latency,Demo_Session_001_10_13_latency.csv,28:10:2025 09:19:20,4993,4460
Demo_Session_001_10_13,001,10_13,latency,Demo_Session_001_10_13_latency.csv,28:10:2025 09:19:25,3939,3748
Demo_Session_001_10_13,001,10_13,latency,Demo_Session_001_10_13_latency.csv,28:10:2025 09:19:30,3860,3621
Demo_Session_001_10_13,001,10_13,latency,Demo_Session_001_10_13_latency.csv,28:10:2025 09:19:35,3482,3834
Demo_Session_001_10_13,001,10_13,latency,Demo_Session_001_10_13_latency.csv,28:10:2025 09:19:40,3558,3646
Demo_Session_001_10_13,001,10_13,latency,Demo_Session_001_10_13_latency.csv,28:10:2025 09:19:45,3501,3564
Demo_Session_001_10_13,001,10_13,latency,Demo_Session_001_10_13_latency.csv,28:10:2025 09:19:50,3468,3304
Demo_Session_001_10_13,001,10_13,latency,Demo_Session_001_10_13_latency.csv,28:10:2025 09:19:55,3296,3186
Demo_Session_001_10_13,001,10_13,latency,Demo_Session_001_10_13_latency.csv,28:10:2025 09:20:00,3457,3549
Demo_Session_001_10_13,001,10_13,latency,Demo_Session_001_10_13_latency.csv,28:10:2025 09:20:05,2768,3327
Demo_Session_001_10_13,001,10_13,latency,Demo_Session_001_10_13_latency.csv,28:10:2025 09:20:10,2388,2258
Demo_Session_001_10_13,001,10_13,latency,Demo_Session_001_10_13_latency.csv,28:10:2025 09:20:15,1975,1828
Demo_Session_001_10_13,001,10_13,latency,Demo_Session_001_10_13_latency.csv,28:10:2025 09:20:20,1874,1347
Demo_Session_001_10_13,001,10_13,latency,Demo_Session_001_10_13_latency.csv,28:10:2025 09:20:25,1438,1431
Demo_Session_001_10_13,001,10_13,latency,Demo_Session_001_10_13_latency.csv,28:10:2025 09:20:30,230,492
Demo_Session_001_10_13,001,10_13,latency,Demo_Session_001_10_13_latency.csv,28:10:2025 09:20:35,-2,-262
Demo_Session_001_10_13,001,10_13,latency,Demo_Session_001_10_13_latency.csv,28:10:2025 09:20:40,-74,-98
Demo_Session_001_10_13,001,10_13,latency,Demo_Session_001_10_13_latency.csv,28:10:2025 09:20:45,-349,-83
Demo_Session_001_10_13,001,10_13,latency,Demo_Session_001_10_13_latency.csv,28:10:2025 09:20:50,-396,3
Demo_Session_001_10_13,001,10_13,latency,Demo_Session_001_10_13_latency.csv,28:10:2025 09:20:55,-133,-424
Demo_Session_001_10_13,001,10_13,latency,Demo_Session_001_10_13_latency.csv,28:10:2025 09:21:00,-492,-428
Demo_Session_001_10_13,001,10_13,latency,Demo_Session_001_10_13_latency.csv,28:10:2025 09:21:05,-329,-435
Demo_Session_001_10_13,001,10_13,latency,Demo_Session_001_10_13_latency.csv,28:10:2025 09:21:10,-472,-93
Demo_Session_001_10_13,001,10_13,latency,Demo_Session_001_10_13_latency.csv,28:10:2025 09:21:15,-287,-465
Demo_Session_001_10_13,001,10_13,latency,Demo_Session_001_10_13_latency.csv,28:10:2025 09:21:20,-467,-408
Demo_Session_001_10_13,001,10_13,latency,Demo_Session_001_10_13_latency.csv,28:10:2025 09:21:25,-91,-51
Demo_Session_001_10_13,001,10_13,latency,Demo_Session_001_10_13_latency.csv,28:10:2025 09:21:30,-231,-429
Demo_Session_001_10_13,001,10_13,latency,Demo_Session_001_10_13_latency.csv,28:10:2025 09:21:35,-484,-469
Demo_Session_001_10_13,001,10_13,latency,Demo_Session_001_10_13_latency.csv,28:10:2025 09:21:40,-286,-17
Demo_Session_001_10_13,001,10_13,latency,Demo_Session_001_10_13_latency.csv,28:10:2025 09:21:45,-499,-266
Demo_Session_001_10_13,001,10_13,latency,Demo_Session_001_10_13_latency.csv,28:10:2025 09:21:50,-19,-193
Demo_Session_001_10_13,001,10_13,latency,Demo_Session_001_10_13_latency.csv,28:10:2025 09:21:55,-132,-384
Demo_Session_001_10_13,001,10_13,latency,Demo_Session_001_10_13_latency.csv,28:10:2025 09:22:00,-124,-69
Demo_Session_001_10_13,001,10_13,latency,Demo_Session_001_10_13_latency.csv,28:10:2025 09:22:05,-206,-416
Demo_Session_001_10_13,001,10_13,latency,Demo_Session_001_10_13_latency.csv,28:10:2025 09:22:10,-468,-54
Demo_Session_001_10_13,001,10_13,latency,Demo_Session_001_10_13_latency.csv,28:10:2025 09:22:15,-156,-251
Demo_Session_001_10_13,001,10_13,latency,Demo_Session_001_10_13_latency.csv,28:10:2025 09:22:20,-130,-395
Demo_Session_001_10_13,001,10_13,latency,Demo_Session_001_10_13_latency.csv,28:10:2025 09:22:25,-273,-8
Demo_Session_001_10_13,001,10_13,latency,Demo_Session_001_10_13_latency.csv,28:10:2025 09:22:30,-376,14
Demo_Session_001_10_13,001,10_13,latency,Demo_Session_001_10_13_latency.csv,28:10:2025 09:22:35,-419,61
Demo_Session_001_10_13,001,10_13,latency,Demo_Session_001_10_13_latency.csv,28:10:2025 09:22:40,-379,-256
Demo_Session_001_10_13,001,10_13,latency,Demo_Session_001_10_13_latency.csv,28:10:2025 09:22:45,-93,-130
Demo_Session_001_10_13,001,10_13,latency,Demo_Session_001_10_13_latency.csv,28:10:2025 09:22:50,281,228
Demo_Session_001_10_13,001,10_13,latency,Demo_Session_001_10_13_latency.csv,28:10:2025 09:22:55,-139,-305
Demo_Session_001_10_13,001,10_13,latency,Demo_Session_001_10_13_latency.csv,28:10:2025 09:23:00,-470,-468
Demo_Session_001_10_13,001,10_13,latency,Demo_Session_001_10_13_latency.csv,28:10:2025 09:23:05,-453,-447
Demo_Session_001_10_13,001,10_13,latency,Demo_Session_001_10_13_latency.csv,28:10:2025 09:23:10,-285,372
Demo_Session_001_10_13,001,10_13,latency,Demo_Session_001_10_13_latency.csv,28:10:2025 09:23:15,339,131
Demo_Session_001_10_13,001,10_13,latency,Demo_Session_001_10_13_latency.csv,28:10:2025 09:23:20,-259,-39
Demo_Session_001_10_13,001,10_13,latency,Demo_Session_001_10_13_latency.csv,28:10:2025 09:23:25,12,-122
Demo_Session_001_10_13,001,10_13,latency,Demo_Session_001_10_13_latency.csv,28:10:2025 09:23:30,-241,-431
Demo_Session_001_10_13,001,10_13,latency,Demo_Session_001_10_13_latency.csv,28:10:2025 09:23:35,-286,-133
Demo_Session_001_10_13,001,10_13,latency,Demo_Session_001_10_13_latency.csv,28:10:2025 09:23:40,-115,-135
Demo_Session_001_10_13,001,10_13,latency,Demo_Session_001_10_13_latency.csv,28:10:2025 09:23:45,24,-126
Demo_Session_001_10_13,001,10_13,latency,Demo_Session_001_10_13_latency.csv,28:10:2025 09:23:50,1381,1221
Demo_Session_001_10_13,001,10_13,latency,Demo_Session_001_10_13_latency.csv,28:10:2025 09:23:55,3501,3321
Demo_Session_001_10_13,001,10_13,latency,Demo_Session_001_10_13_latency.csv,28:10:2025 09:24:00,5278,5214
Demo_Session_001_10_13,001,10_13,latency,Demo_Session_001_10_13_latency.csv,28:10:2025 09:24:05,6703,7496
Demo_Session_001_10_13,001,10_13,latency,Demo_Session_001_10_13_latency.csv,28:10:2025 09:24:10,9459,9089
Demo_Session_001_10_13,001,10_13,latency,Demo_Session_001_10_13_latency.csv,28:10:2025 09:24:15,11240,11725
Demo_Session_001_10_13,001,10_13,latency,Demo_Session_001_10_13_latency.csv,28:10:2025 09:24:20,13115,13592
Demo_Session_001_10_13,001,10_13,latency,Demo_Session_001_10_13_latency.csv,28:10:2025 09:24:25,14990,14765
Demo_Session_001_10_13,001,10_13,latency,Demo_Session_001_10_13_latency.csv,28:10:2025 09:24:30,16083,16295
Demo_Session_001_10_13,001,10_13,latency,Demo_Session_001_10_13_latency.csv,28:10:2025 09:24:35,16716,17082
Demo_Session_001_10_13,001,10_13,latency,Demo_Session_001_10_13_latency.csv,28:10:2025 09:24:40,18153,18757
Demo_Session_001_10_13,001,10_13,latency,Demo_Session_001_10_13_latency.csv,28:10:2025 09:24:45,19661,19361
Demo_Session_001_10_13,001,10_13,latency,Demo_Session_001_10_13_latency.csv,28:10:2025 09:24:50,20876,20441
Demo_Session_001_10_13,001,10_13,latency,Demo_Session_001_10_13_latency.csv,28:10:2025 09:24:55,21022,22810
Demo_Session_001_10_13,001,10_13,latency,Demo_Session_001_10_13_latency.csv,28:10:2025 09:25:00,21022,28830
Demo_Session_001_10_13,001,10_13,latency,Demo_Session_001_10_13_latency.csv,28:10:2025 09:25:05,21022,32835
Demo_Session_001_10_13,001,10_13,latency,Demo_Session_001_10_13_latency.csv,28:10:2025 09:25:10,21022,38848
Demo_Session_001_10_13,001,10_13,latency,Demo_Session_001_10_13_latency.csv,28:10:2025 09:25:15,21022,42860
Demo_Session_001_10_13,001,10_13,latency,Demo_Session_001_10_13_latency.csv,28:10:2025 09:25:20,21022,46880
Demo_Session_001_10_13,001,10_13,latency,Demo_Session_001_10_13_latency.csv,28:10:2025 09:25:25,583,900
Demo_Session_001_10_13,001,10_13,latency,Demo_Session_001_10_13_latency.csv,28:10:2025 09:25:30,642,1017
Demo_Session_001_10_13,001,10_13,latency,Demo_Session_001_10_13_latency.csv,28:10:2025 09:25:35,943,914
Demo_Session_002_11_29,002,11_29,latency,Demo_Session_002_11_29_latency.csv,28:10:2025 10:30:25,-438,-412
Demo_Session_002_11_29,002,11_29,latency,Demo_Session_002_11_29_latency.csv,28:10:2025 10:30:30,-438,-405
Demo_Session_002_11_29,002,11_29,latency,Demo_Session_002_11_29_latency.csv,28:10:2025 10:30:35,-431,-384
Demo_Session_002_11_29,002,11_29,latency,Demo_Session_002_11_29_latency.csv,28:10:2025 10:30:40,-436,-375
Demo_Session_002_11_29,002,11_29,latency,Demo_Session_002_11_29_latency.csv,28:10:2025 10:30:45,-412,199
Demo_Session_002_11_29,002,11_29,latency,Demo_Session_002_11_29_latency.csv,28:10:2025 10:30:50,1939,1808
Demo_Session_002_11_29,002,11_29,latency,Demo_Session_002_11_29_latency.csv,28:10:2025 10:30:55,3672,4278
Demo_Session_002_11_29,002,11_29,latency,Demo_Session_002_11_29_latency.csv,28:10:2025 10:31:00,6170,5952
Demo_Session_002_11_29,002,11_29,latency,Demo_Session_002_11_29_latency.csv,28:10:2025 10:31:05,7594,7985
Demo_Session_002_11_29,002,11_29,latency,Demo_Session_002_11_29_latency.csv,28:10:2025 10:31:10,9759,9403
Demo_Session_002_11_29,002,11_29,latency,Demo_Session_002_11_29_latency.csv,28:10:2025 10:31:15,11211,11557
Demo_Session_002_11_29,002,11_29,latency,Demo_Session_002_11_29_latency.csv,28:10:2025 10:31:20,13157,12841
Demo_Session_002_11_29,002,11_29,latency,Demo_Session_002_11_29_latency.csv,28:10:2025 10:31:25,14551,14858
Demo_Session_002_11_29,002,11_29,latency,Demo_Session_002_11_29_latency.csv,28:10:2025 10:31:30,16046,16284
Demo_Session_002_11_29,002,11_29,latency,Demo_Session_002_11_29_latency.csv,28:10:2025 10:31:35,18019,18238
Demo_Session_002_11_29,002,11_29,latency,Demo_Session_002_11_29_latency.csv,28:10:2025 10:31:40,19164,19321
Demo_Session_002_11_29,002,11_29,latency,Demo_Session_002_11_29_latency.csv,28:10:2025 10:31:45,21122,21225
Demo_Session_002_11_29,002,11_29,latency,Demo_Session_002_11_29_latency.csv,28:10:2025 10:31:50,22342,22391
Demo_Session_002_11_29,002,11_29,latency,Demo_Session_002_11_29_latency.csv,28:10:2025 10:31:55,23901,23938
Demo_Session_002_11_29,002,11_29,latency,Demo_Session_002_11_29_latency.csv,28:10:2025 10:32:00,25083,25078
Demo_Session_002_11_29,002,11_29,latency,Demo_Session_002_11_29_latency.csv,28:10:2025 10:32:05,26445,27160
Demo_Session_002_11_29,002,11_29,latency,Demo_Session_002_11_29_latency.csv,28:10:2025 10:32:10,26445,31175
Demo_Session_002_11_29,002,11_29,latency,Demo_Session_002_11_29_latency.csv,28:10:2025 10:32:15,26445,37188
Demo_Session_002_11_29,002,11_29,latency,Demo_Session_002_11_29_latency.csv,28:10:2025 10:32:20,26445,41198
Demo_Session_002_11_29,002,11_29,latency,Demo_Session_002_11_29_latency.csv,28:10:2025 10:32:25,26445,47216
Demo_Session_002_11_29,002,11_29,latency,Demo_Session_002_11_29_latency.csv,28:10:2025 10:32:30,26445,51222
Demo_Session_002_11_29,002,11_29,latency,Demo_Session_002_11_29_latency.csv,28:10:2025 10:32:35,26445,55238
Demo_Session_002_11_29,002,11_29,latency,Demo_Session_002_11_29_latency.csv,28:10:2025 10:32:40,2529,2449
Demo_Session_002_11_29,002,11_29,latency,Demo_Session_002_11_29_latency.csv,28:10:2025 10:32:45,4065,3916
Demo_Session_002_11_29,002,11_29,latency,Demo_Session_002_11_29_latency.csv,28:10:2025 10:32:50,6304,6132
Demo_Session_002_11_29,002,11_29,latency,Demo_Session_002_11_29_latency.csv,28:10:2025 10:32:55,6115,6209
Demo_Session_002_11_29,002,11_29,latency,Demo_Session_002_11_29_latency.csv,28:10:2025 10:33:00,5426,5489
Demo_Session_002_11_29,002,11_29,latency,Demo_Session_002_11_29_latency.csv,28:10:2025 10:33:05,5583,5114
Demo_Session_002_11_29,002,11_29,latency,Demo_Session_002_11_29_latency.csv,28:10:2025 10:33:10,4773,4796
Demo_Session_002_11_29,002,11_29,latency,Demo_Session_002_11_29_latency.csv,28:10:2025 10:33:15,4251,4328
Demo_Session_002_11_29,002,11_29,latency,Demo_Session_002_11_29_latency.csv,28:10:2025 10:33:20,3933,4338
Demo_Session_002_11_29,002,11_29,latency,Demo_Session_002_11_29_latency.csv,28:10:2025 10:33:25,3875,3882
Demo_Session_002_11_29,002,11_29,latency,Demo_Session_002_11_29_latency.csv,28:10:2025 10:33:30,3939,3877
Demo_Session_002_11_29,002,11_29,latency,Demo_Session_002_11_29_latency.csv,28:10:2025 10:33:35,3436,3626
Demo_Session_002_11_29,002,11_29,latency,Demo_Session_002_11_29_latency.csv,28:10:2025 10:33:40,2192,1925
Demo_Session_002_11_29,002,11_29,latency,Demo_Session_002_11_29_latency.csv,28:10:2025 10:33:45,542,1005
Demo_Session_002_11_29,002,11_29,latency,Demo_Session_002_11_29_latency.csv,28:10:2025 10:33:50,-73,-34
Demo_Session_002_11_29,002,11_29,latency,Demo_Session_002_11_29_latency.csv,28:10:2025 10:33:55,-272,-157
Demo_Session_002_11_29,002,11_29,latency,Demo_Session_002_11_29_latency.csv,28:10:2025 10:34:00,-312,-257
Demo_Session_002_11_29,002,11_29,latency,Demo_Session_002_11_29_latency.csv,28:10:2025 10:34:05,-381,-382
Demo_Session_002_11_29,002,11_29,latency,Demo_Session_002_11_29_latency.csv,28:10:2025 10:34:10,-423,-368
Demo_Session_002_11_29,002,11_29,latency,Demo_Session_002_11_29_latency.csv,28:10:2025 10:34:15,-412,-359
Demo_Session_002_11_29,002,11_29,latency,Demo_Session_002_11_29_latency.csv,28:10:2025 10:34:20,-384,-392
Demo_Session_002_11_29,002,11_29,latency,Demo_Session_002_11_29_latency.csv,28:10:2025 10:34:25,-418,-381
Demo_Session_002_11_29,002,11_29,latency,Demo_Session_002_11_29_latency.csv,28:10:2025 10:34:30,-415,-412
Demo_Session_002_11_29,002,11_29,latency,Demo_Session_002_11_29_latency.csv,28:10:2025 10:34:35,2225,1060
Demo_Session_002_11_29,002,11_29,latency,Demo_Session_002_11_29_latency.csv,28:10:2025 10:34:40,4549,4813
Demo_Session_002_11_29,002,11_29,latency,Demo_Session_002_11_29_latency.csv,28:10:2025 10:34:45,7813,7758
Demo_Session_002_11_29,002,11_29,latency,Demo_Session_002_11_29_latency.csv,28:10:2025 10:34:50,8799,8843
Demo_Session_002_11_29,002,11_29,latency,Demo_Session_002_11_29_latency.csv,28:10:2025 10:34:55,8114,8179
Demo_Session_002_11_29,002,11_29,latency,Demo_Session_002_11_29_latency.csv,28:10:2025 10:35:00,4729,4929
Demo_Session_002_11_29,002,11_29,latency,Demo_Session_002_11_29_latency.csv,28:10:2025 10:35:05,2700,2874
Demo_Session_002_11_29,002,11_29,latency,Demo_Session_002_11_29_latency.csv,28:10:2025 10:35:10,-460,-425
Demo_Session_002_11_29,002,11_29,latency,Demo_Session_002_11_29_latency.csv,28:10:2025 10:35:15,-454,-425
Demo_Session_002_11_29,002,11_29,latency,Demo_Session_002_11_29_latency.csv,28:10:2025 10:35:20,-409,-418
Demo_Session_002_11_29,002,11_29,latency,Demo_Session_002_11_29_latency.csv,28:10:2025 10:35:25,-422,-399
Demo_Session_002_11_29,002,11_29,latency,Demo_Session_002_11_29_latency.csv,28:10:2025 10:35:30,-444,-385
Demo_Session_002_11_29,002,11_29,latency,Demo_Session_002_11_29_latency.csv,28:10:2025 10:35:35,-435,-384
Demo_Session_002_11_29,002,11_29,latency,Demo_Session_002_11_29_latency.csv,28:10:2025 10:35:40,-442,-376
Demo_Session_002_11_29,002,11_29,latency,Demo_Session_002_11_29_latency.csv,28:10:2025 10:35:45,-460,-419
Demo_Session_002_11_29,002,11_29,latency,Demo_Session_002_11_29_latency.csv,28:10:2025 10:35:50,-434,-403
Demo_Session_002_11_29,002,11_29,latency,Demo_Session_002_11_29_latency.csv,28:10:2025 10:35:55,-441,-397
Demo_Session_002_11_29,002,11_29,latency,Demo_Session_002_11_29_latency.csv,28:10:2025 10:36:00,-434,-401
Demo_Session_003_12_01,003,12_01,latency,Demo_Session_003_12_01_latency.csv,28:10:2025 11:01:10,-413,-406
Demo_Session_003_12_01,003,12_01,latency,Demo_Session_003_12_01_latency.csv,28:10:2025 11:01:15,-424,-391
Demo_Session_003_12_01,003,12_01,latency,Demo_Session_003_12_01_latency.csv,28:10:2025 11:01:20,-142,-78
Demo_Session_003_12_01,003,12_01,latency,Demo_Session_003_12_01_latency.csv,28:10:2025 11:01:25,-410,-394
Demo_Session_003_12_01,003,12_01,latency,Demo_Session_003_12_01_latency.csv,28:10:2025 11:01:30,-379,-367
Demo_Session_003_12_01,003,12_01,latency,Demo_Session_003_12_01_latency.csv,28:10:2025 11:01:35,-387,-353
Demo_Session_003_12_01,003,12_01,latency,Demo_Session_003_12_01_latency.csv,28:10:2025 11:01:40,-420,-354
Demo_Session_003_12_01,003,12_01,latency,Demo_Session_003_12_01_latency.csv,28:10:2025 11:01:45,-400,-392
Demo_Session_003_12_01,003,12_01,latency,Demo_Session_003_12_01_latency.csv,28:10:2025 11:01:50,1715,1617
Demo_Session_003_12_01,003,12_01,latency,Demo_Session_003_12_01_latency.csv,28:10:2025 11:01:55,3275,3150
Demo_Session_003_12_01,003,12_01,latency,Demo_Session_003_12_01_latency.csv,28:10:2025 11:02:00,5262,5107
Demo_Session_003_12_01,003,12_01,latency,Demo_Session_003_12_01_latency.csv,28:10:2025 11:02:05,6740,6592
Demo_Session_003_12_01,003,12_01,latency,Demo_Session_003_12_01_latency.csv,28:10:2025 11:02:10,9020,8751
Demo_Session_003_12_01,003,12_01,latency,Demo_Session_003_12_01_latency.csv,28:10:2025 11:02:15,10449,10159
Demo_Session_003_12_01,003,12_01,latency,Demo_Session_003_12_01_latency.csv,28:10:2025 11:02:20,11886,12306
Demo_Session_003_12_01,003,12_01,latency,Demo_Session_003_12_01_latency.csv,28:10:2025 11:02:25,14214,13740
Demo_Session_003_12_01,003,12_01,latency,Demo_Session_003_12_01_latency.csv,28:10:2025 11:02:30,15777,16073
Demo_Session_003_12_01,003,12_01,latency,Demo_Session_003_12_01_latency.csv,28:10:2025 11:02:35,18027,17619
Demo_Session_003_12_01,003,12_01,latency,Demo_Session_003_12_01_latency.csv,28:10:2025 11:02:40,19552,19839
Demo_Session_003_12_01,003,12_01,latency,Demo_Session_003_12_01_latency.csv,28:10:2025 11:02:45,20238,21988
Demo_Session_003_12_01,003,12_01,latency,Demo_Session_003_12_01_latency.csv,28:10:2025 11:02:50,20238,28000
Demo_Session_003_12_01,003,12_01,latency,Demo_Session_003_12_01_latency.csv,28:10:2025 11:02:55,20238,32008
Demo_Session_003_12_01,003,12_01,latency,Demo_Session_003_12_01_latency.csv,28:10:2025 11:03:00,20238,38018
Demo_Session_003_12_01,003,12_01,latency,Demo_Session_003_12_01_latency.csv,28:10:2025 11:03:05,20238,42021
Demo_Session_003_12_01,003,12_01,latency,Demo_Session_003_12_01_latency.csv,28:10:2025 11:03:10,20238,48041
Demo_Session_003_12_01,003,12_01,latency,Demo_Session_003_12_01_latency.csv,28:10:2025 11:03:15,2394,4939
Demo_Session_003_12_01,003,12_01,latency,Demo_Session_003_12_01_latency.csv,28:10:2025 11:03:20,3912,4366
Demo_Session_003_12_01,003,12_01,latency,Demo_Session_003_12_01_latency.csv,28:10:2025 11:03:25,6063,5918
Demo_Session_003_12_01,003,12_01,latency,Demo_Session_003_12_01_latency.csv,28:10:2025 11:03:30,7544,7942
Demo_Session_003_12_01,003,12_01,latency,Demo_Session_003_12_01_latency.csv,28:10:2025 11:03:35,9744,9341
Demo_Session_003_12_01,003,12_01,latency,Demo_Session_003_12_01_latency.csv,28:10:2025 11:03:40,9082,8943
Demo_Session_003_12_01,003,12_01,latency,Demo_Session_003_12_01_latency.csv,28:10:2025 11:03:45,8077,8141
Demo_Session_003_12_01,003,12_01,latency,Demo_Session_003_12_01_latency.csv,28:10:2025 11:03:50,7897,7934
Demo_Session_003_12_01,003,12_01,latency,Demo_Session_003_12_01_latency.csv,28:10:2025 11:03:55,8447,8004
Demo_Session_003_12_01,003,12_01,latency,Demo_Session_003_12_01_latency.csv,28:10:2025 11:04:00,7819,7834
Demo_Session_003_12_01,003,12_01,latency,Demo_Session_003_12_01_latency.csv,28:10:2025 11:04:05,7742,7765
Demo_Session_003_12_01,003,12_01,latency,Demo_Session_003_12_01_latency.csv,28:10:2025 11:04:10,7800,7839
Demo_Session_003_12_01,003,12_01,latency,Demo_Session_003_12_01_latency.csv,28:10:2025 11:04:15,7611,7654
Demo_Session_003_12_01,003,12_01,latency,Demo_Session_003_12_01_latency.csv,28:10:2025 11:04:20,7559,7614
Demo_Session_003_12_01,003,12_01,latency,Demo_Session_003_12_01_latency.csv,28:10:2025 11:04:25,7876,7856
Demo_Session_003_12_01,003,12_01,latency,Demo_Session_003_12_01_latency.csv,28:10:2025 11:04:30,7625,7417
Demo_Session_003_12_01,003,12_01,latency,Demo_Session_003_12_01_latency.csv,28:10:2025 11:04:35,6739,6824
Demo_Session_003_12_01,003,12_01,latency,Demo_Session_003_12_01_latency.csv,28:10:2025 11:04:40,5543,4375
Demo_Session_003_12_01,003,12_01,latency,Demo_Session_003_12_01_latency.csv,28:10:2025 11:04:45,1747,1974
Demo_Session_003_12_01,003,12_01,latency,Demo_Session_003_12_01_latency.csv,28:10:2025 11:04:50,-293,-408
Demo_Session_003_12_01,003,12_01,latency,Demo_Session_003_12_01_latency.csv,28:10:2025 11:04:55,-411,-390
Demo_Session_003_12_01,003,12_01,latency,Demo_Session_003_12_01_latency.csv,28:10:2025 11:05:00,-405,-369
Demo_Session_003_12_01,003,12_01,latency,Demo_Session_003_12_01_latency.csv,28:10:2025 11:05:05,-406,-360
Demo_Session_003_12_01,003,12_01,latency,Demo_Session_003_12_01_latency.csv,28:10:2025 11:05:10,-414,-352
Demo_Session_003_12_01,003,12_01,latency,Demo_Session_003_12_01_latency.csv,28:10:2025 11:05:15,-410,-350
Demo_Session_003_12_01,003,12_01,latency,Demo_Session_003_12_01_latency.csv,28:10:2025 11:05:20,-416,-388
Demo_Session_003_12_01,003,12_01,latency,Demo_Session_003_12_01_latency.csv,28:10:2025 11:05:25,-416,-375
Demo_Session_003_12_01,003,12_01,latency,Demo_Session_003_12_01_latency.csv,28:10:2025 11:05:30,-419,-361
Demo_Session_003_12_01,003,12_01,latency,Demo_Session_003_12_01_latency.csv,28:10:2025 11:05:35,-387,-344
Demo_Session_003_12_01,003,12_01,latency,Demo_Session_003_12_01_latency.csv,28:10:2025 11:05:40,-404,-410
Demo_Session_003_12_01,003,12_01,latency,Demo_Session_003_12_01_latency.csv,28:10:2025 11:05:45,-384,-370
Demo_Session_003_12_01,003,12_01,latency,Demo_Session_003_12_01_latency.csv,28:10:2025 11:05:50,-404,-372
Demo_Session_003_12_01,003,12_01,latency,Demo_Session_003_12_01_latency.csv,28:10:2025 11:05:55,-429,-369
Demo_Session_003_12_01,003,12_01,latency,Demo_Session_003_12_01_latency.csv,28:10:2025 11:06:00,-429,-369
Demo_Session_003_12_01,003,12_01,latency,Demo_Session_003_12_01_latency.csv,28:10:2025 11:06:05,-429,-369
Demo_Session_003_12_01,003,12_01,latency,Demo_Session_003_12_01_latency.csv,28:10:2025 11:06:10,-429,-369
Demo_Session_003_12_01,003,12_01,latency,Demo_Session_003_12_01_latency.csv,28:10:2025 11:06:15,-429,-369
Demo_Session_004_12_51,004,12_51,latency,Demo_Session_004_12_51_latency.csv,28:10:2025 11:51:00,-398,-352
Demo_Session_004_12_51,004,12_51,latency,Demo_Session_004_12_51_latency.csv,28:10:2025 11:51:05,-383,-381
Demo_Session_004_12_51,004,12_51,latency,Demo_Session_004_12_51_latency.csv,28:10:2025 11:51:10,-382,-364
Demo_Session_004_12_51,004,12_51,latency,Demo_Session_004_12_51_latency.csv,28:10:2025 11:51:15,-392,-339
Demo_Session_004_12_51,004,12_51,latency,Demo_Session_004_12_51_latency.csv,28:10:2025 11:51:20,-389,-327
Demo_Session_004_12_51,004,12_51,latency,Demo_Session_004_12_51_latency.csv,28:10:2025 11:51:25,-384,-376
Demo_Session_004_12_51,004,12_51,latency,Demo_Session_004_12_51_latency.csv,28:10:2025 11:51:30,-391,-374
Demo_Session_004_12_51,004,12_51,latency,Demo_Session_004_12_51_latency.csv,28:10:2025 11:51:35,-368,-350
Demo_Session_004_12_51,004,12_51,latency,Demo_Session_004_12_51_latency.csv,28:10:2025 11:51:40,-398,-345
Demo_Session_004_12_51,004,12_51,latency,Demo_Session_004_12_51_latency.csv,28:10:2025 11:51:45,-392,-377
Demo_Session_004_12_51,004,12_51,latency,Demo_Session_004_12_51_latency.csv,28:10:2025 11:51:50,-389,-368
Demo_Session_004_12_51,004,12_51,latency,Demo_Session_004_12_51_latency.csv,28:10:2025 11:51:55,-396,-342
Demo_Session_004_12_51,004,12_51,latency,Demo_Session_004_12_51_latency.csv,28:10:2025 11:52:00,-365,-380
Demo_Session_004_12_51,004,12_51,latency,Demo_Session_004_12_51_latency.csv,28:10:2025 11:52:05,726,976
Demo_Session_004_12_51,004,12_51,latency,Demo_Session_004_12_51_latency.csv,28:10:2025 11:52:10,2493,2644
Demo_Session_004_12_51,004,12_51,latency,Demo_Session_004_12_51_latency.csv,28:10:2025 11:52:15,4758,4869
Demo_Session_004_12_51,004,12_51,latency,Demo_Session_004_12_51_latency.csv,28:10:2025 11:52:20,6205,6276
Demo_Session_004_12_51,004,12_51,latency,Demo_Session_004_12_51_latency.csv,28:10:2025 11:52:25,8399,8433
Demo_Session_004_12_51,004,12_51,latency,Demo_Session_004_12_51_latency.csv,28:10:2025 11:52:30,9992,10035
Demo_Session_004_12_51,004,12_51,latency,Demo_Session_004_12_51_latency.csv,28:10:2025 11:52:35,12217,12124
Demo_Session_004_12_51,004,12_51,latency,Demo_Session_004_12_51_latency.csv,28:10:2025 11:52:40,13633,13595
Demo_Session_004_12_51,004,12_51,latency,Demo_Session_004_12_51_latency.csv,28:10:2025 11:52:45,16077,16004
Demo_Session_004_12_51,004,12_51,latency,Demo_Session_004_12_51_latency.csv,28:10:2025 11:52:50,17600,17483
Demo_Session_004_12_51,004,12_51,latency,Demo_Session_004_12_51_latency.csv,28:10:2025 11:52:55,19272,19898
Demo_Session_004_12_51,004,12_51,latency,Demo_Session_004_12_51_latency.csv,28:10:2025 11:53:00,21778,21432
Demo_Session_004_12_51,004,12_51,latency,Demo_Session_004_12_51_latency.csv,28:10:2025 11:53:05,23419,23923
Demo_Session_004_12_51,004,12_51,latency,Demo_Session_004_12_51_latency.csv,28:10:2025 11:53:10,25805,25463
Demo_Session_004_12_51,004,12_51,latency,Demo_Session_004_12_51_latency.csv,28:10:2025 11:53:15,27234,27664
Demo_Session_004_12_51,004,12_51,latency,Demo_Session_004_12_51_latency.csv,28:10:2025 11:53:20,29727,29276
Demo_Session_004_12_51,004,12_51,latency,Demo_Session_004_12_51_latency.csv,28:10:2025 11:53:25,31327,31548
Demo_Session_004_12_51,004,12_51,latency,Demo_Session_004_12_51_latency.csv,28:10:2025 11:53:30,32768,33031
Demo_Session_004_12_51,004,12_51,latency,Demo_Session_004_12_51_latency.csv,28:10:2025 11:53:35,1362,1514
Demo_Session_004_12_51,004,12_51,latency,Demo_Session_004_12_51_latency.csv,28:10:2025 11:53:40,2685,2857
Demo_Session_004_12_51,004,12_51,latency,Demo_Session_004_12_51_latency.csv,28:10:2025 11:53:45,4787,4939
Demo_Session_004_12_51,004,12_51,latency,Demo_Session_004_12_51_latency.csv,28:10:2025 11:53:50,5015,5020
Demo_Session_004_12_51,004,12_51,latency,Demo_Session_004_12_51_latency.csv,28:10:2025 11:53:55,4419,4437
Demo_Session_004_12_51,004,12_51,latency,Demo_Session_004_12_51_latency.csv,28:10:2025 11:54:00,3942,3942
Demo_Session_004_12_51,004,12_51,latency,Demo_Session_004_12_51_latency.csv,28:10:2025 11:54:05,3773,3698
Demo_Session_004_12_51,004,12_51,latency,Demo_Session_004_12_51_latency.csv,28:10:2025 11:54:10,2148,2158
Demo_Session_004_12_51,004,12_51,latency,Demo_Session_004_12_51_latency.csv,28:10:2025 11:54:15,1939,1919
Demo_Session_004_12_51,004,12_51,latency,Demo_Session_004_12_51_latency.csv,28:10:2025 11:54:20,1496,1535
Demo_Session_004_12_51,004,12_51,latency,Demo_Session_004_12_51_latency.csv,28:10:2025 11:54:25,1411,1478
Demo_Session_004_12_51,004,12_51,latency,Demo_Session_004_12_51_latency.csv,28:10:2025 11:54:30,1248,1320
Demo_Session_004_12_51,004,12_51,latency,Demo_Session_004_12_51_latency.csv,28:10:2025 11:54:35,822,864
Demo_Session_004_12_51,004,12_51,latency,Demo_Session_004_12_51_latency.csv,28:10:2025 11:54:40,278,377
Demo_Session_004_12_51,004,12_51,latency,Demo_Session_004_12_51_latency.csv,28:10:2025 11:54:45,510,349
Demo_Session_004_12_51,004,12_51,latency,Demo_Session_004_12_51_latency.csv,28:10:2025 11:54:50,90,65
Demo_Session_004_12_51,004,12_51,latency,Demo_Session_004_12_51_latency.csv,28:10:2025 11:54:55,-300,-183
Demo_Session_004_12_51,004,12_51,latency,Demo_Session_004_12_51_latency.csv,28:10:2025 11:55:00,-278,-170
Demo_Session_004_12_51,004,12_51,latency,Demo_Session_004_12_51_latency.csv,28:10:2025 11:55:05,-376,-276
Demo_Session_004_12_51,004,12_51,latency,Demo_Session_004_12_51_latency.csv,28:10:2025 11:55:10,-361,-316
Demo_Session_004_12_51,004,12_51,latency,Demo_Session_004_12_51_latency.csv,28:10:2025 11:55:15,-376,-295
Demo_Session_004_12_51,004,12_51,latency,Demo_Session_004_12_51_latency.csv,28:10:2025 11:55:20,-348,-273
Demo_Session_004_12_51,004,12_51,latency,Demo_Session_004_12_51_latency.csv,28:10:2025 11:55:25,-216,-129
Demo_Session_004_12_51,004,12_51,latency,Demo_Session_004_12_51_latency.csv,28:10:2025 11:55:30,96,238
Demo_Session_004_12_51,004,12_51,latency,Demo_Session_004_12_51_latency.csv,28:10:2025 11:55:35,151,130
Demo_Session_004_12_51,004,12_51,latency,Demo_Session_004_12_51_latency.csv,28:10:2025 11:55:40,239,292
Demo_Session_004_12_51,004,12_51,latency,Demo_Session_004_12_51_latency.csv,28:10:2025 11:55:45,-62,-107
Demo_Session_004_12_51,004,12_51,latency,Demo_Session_004_12_51_latency.csv,28:10:2025 11:55:50,-376,-225
Demo_Session_004_12_51,004,12_51,latency,Demo_Session_004_12_51_latency.csv,28:10:2025 11:55:55,-197,-144
Demo_Session_004_12_51,004,12_51,latency,Demo_Session_004_12_51_latency.csv,28:10:2025 11:56:00,-314,-332
Demo_Session_004_12_51,004,12_51,latency,Demo_Session_004_12_51_latency.csv,28:10:2025 11:56:05,-344,-322
Demo_Session_004_12_51,004,12_51,latency,Demo_Session_004_12_51_latency.csv,28:10:2025 11:56:10,-331,-354
Demo_Session_004_12_51,004,12_51,latency,Demo_Session_004_12_51_latency.csv,28:10:2025 11:56:15,-367,-332
Demo_Session_004_12_51,004,12_51,latency,Demo_Session_004_12_51_latency.csv,28:10:2025 11:56:20,-329,-322
Demo_Session_004_12_51,004,12_51,latency,Demo_Session_004_12_51_latency.csv,28:10:2025 11:56:25,-331,-373
Demo_Session_004_12_51,004,12_51,latency,Demo_Session_004_12_51_latency.csv,28:10:2025 11:56:30,-374,-348
Demo_Session_004_12_51,004,12_51,latency,Demo_Session_004_12_51_latency.csv,28:10:2025 11:56:35,-380,-331
Demo_Session_004_12_51,004,12_51,latency,Demo_Session_004_12_51_latency.csv,28:10:2025 11:56:40,-390,-373
Demo_Session_004_12_51,004,12_51,latency,Demo_Session_004_12_51_latency.csv,28:10:2025 11:56:45,-396,-358
Demo_Session_004_12_51,004,12_51,latency,Demo_Session_004_12_51_latency.csv,28:10:2025 11:56:50,-394,-357
Demo_Session_004_12_51,004,12_51,latency,Demo_Session_004_12_51_latency.csv,28:10:2025 11:56:55,-399,-348
Demo_Session_004_12_51,004,12_51,latency,Demo_Session_004_12_51_latency.csv,28:10:2025 11:57:00,-376,-334
Demo_Session_004_12_51,004,12_51,latency,Demo_Session_004_12_51_latency.csv,28:10:2025 11:57:05,-379,-328
Demo_Session_004_12_51,004,12_51,latency,Demo_Session_004_12_51_latency.csv,28:10:2025 11:57:10,-338,-380
Demo_Session_004_12_51,004,12_51,latency,Demo_Session_004_12_51_latency.csv,28:10:2025 11:57:15,-357,-297
Demo_Session_004_12_51,004,12_51,latency,Demo_Session_004_12_51_latency.csv,28:10:2025 11:57:20,-306,-275
Demo_Session_004_12_51,004,12_51,latency,Demo_Session_004_12_51_latency.csv,28:10:2025 11:57:25,-390,-336
Demo_Session_004_12_51,004,12_51,latency,Demo_Session_004_12_51_latency.csv,28:10:2025 11:57:30,-381,-327
Demo_Session_004_12_51,004,12_51,latency,Demo_Session_004_12_51_latency.csv,28:10:2025 11:57:35,-381,-357
Demo_Session_004_12_51,004,12_51,latency,Demo_Session_004_12_51_latency.csv,28:10:2025 11:57:40,-391,-348
Demo_Session_004_12_51,004,12_51,latency,Demo_Session_004_12_51_latency.csv,28:10:2025 11:57:45,-381,-348
Demo_Session_004_12_51,004,12_51,latency,Demo_Session_004_12_51_latency.csv,28:10:2025 11:57:50,-384,-329
Demo_Session_004_12_51,004,12_51,latency,Demo_Session_004_12_51_latency.csv,28:10:2025 11:57:55,-381,-328
Demo_Session_004_12_51,004,12_51,latency,Demo_Session_004_12_51_latency.csv,28:10:2025 11:58:00,-297,-327
Demo_Session_004_12_51,004,12_51,latency,Demo_Session_004_12_51_latency.csv,28:10:2025 11:58:05,-374,-360
Demo_Session_004_12_51,004,12_51,latency,Demo_Session_004_12_51_latency.csv,28:10:2025 11:58:10,-359,-349
Demo_Session_004_12_51,004,12_51,latency,Demo_Session_004_12_51_latency.csv,28:10:2025 11:58:15,-335,-330
Demo_Session_004_12_51,004,12_51,latency,Demo_Session_004_12_51_latency.csv,28:10:2025 11:58:20,-381,-321
Demo_Session_004_12_51,004,12_51,latency,Demo_Session_004_12_51_latency.csv,28:10:2025 11:58:25,-392,-362
Demo_Session_004_12_51,004,12_51,latency,Demo_Session_004_12_51_latency.csv,28:10:2025 11:58:30,-388,-358
Demo_Session_004_12_51,004,12_51,latency,Demo_Session_004_12_51_latency.csv,28:10:2025 11:58:35,-382,-333
Demo_Session_004_12_51,004,12_51,latency,Demo_Session_004_12_51_latency.csv,28:10:2025 11:58:40,-394,-332
Demo_Session_004_12_51,004,12_51,latency,Demo_Session_004_12_51_latency.csv,28:10:2025 11:58:45,-401,-368
Demo_Session_004_12_51,004,12_51,latency,Demo_Session_004_12_51_latency.csv,28:10:2025 11:58:50,-387,-366
Demo_Session_004_12_51,004,12_51,latency,Demo_Session_004_12_51_latency.csv,28:10:2025 11:58:55,-394,-359
Demo_Session_004_13_07,004,13_07,latency,Demo_Session_004_13_07_latency.csv,28:10:2025 12:06:45,-396,-359
Demo_Session_004_13_07,004,13_07,latency,Demo_Session_004_13_07_latency.csv,28:10:2025 12:06:50,-398,-341
Demo_Session_004_13_07,004,13_07,latency,Demo_Session_004_13_07_latency.csv,28:10:2025 12:06:55,-392,-339
Demo_Session_004_13_07,004,13_07,latency,Demo_Session_004_13_07_latency.csv,28:10:2025 12:07:00,-390,-383
Demo_Session_004_13_07,004,13_07,latency,Demo_Session_004_13_07_latency.csv,28:10:2025 12:07:05,-389,-367
Demo_Session_004_13_07,004,13_07,latency,Demo_Session_004_13_07_latency.csv,28:10:2025 12:07:10,-389,-355
Demo_Session_004_13_07,004,13_07,latency,Demo_Session_004_13_07_latency.csv,28:10:2025 12:07:15,-379,-328
Demo_Session_004_13_07,004,13_07,latency,Demo_Session_004_13_07_latency.csv,28:10:2025 12:07:20,-398,-371
Demo_Session_004_13_07,004,13_07,latency,Demo_Session_004_13_07_latency.csv,28:10:2025 12:07:25,-404,-338
Demo_Session_004_13_07,004,13_07,latency,Demo_Session_004_13_07_latency.csv,28:10:2025 12:07:30,-393,-327
Demo_Session_004_13_07,004,13_07,latency,Demo_Session_004_13_07_latency.csv,28:10:2025 12:07:35,-359,-310
Demo_Session_004_13_07,004,13_07,latency,Demo_Session_004_13_07_latency.csv,28:10:2025 12:07:40,56,-102
Demo_Session_004_13_07,004,13_07,latency,Demo_Session_004_13_07_latency.csv,28:10:2025 12:07:45,1016,1247
Demo_Session_004_13_07,004,13_07,latency,Demo_Session_004_13_07_latency.csv,28:10:2025 12:07:50,2060,2313
Demo_Session_004_13_07,004,13_07,latency,Demo_Session_004_13_07_latency.csv,28:10:2025 12:07:55,3583,3743
Demo_Session_004_13_07,004,13_07,latency,Demo_Session_004_13_07_latency.csv,28:10:2025 12:08:00,4611,4747
Demo_Session_004_13_07,004,13_07,latency,Demo_Session_004_13_07_latency.csv,28:10:2025 12:08:05,6630,6759
Demo_Session_004_13_07,004,13_07,latency,Demo_Session_004_13_07_latency.csv,28:10:2025 12:08:10,7929,7984
Demo_Session_004_13_07,004,13_07,latency,Demo_Session_004_13_07_latency.csv,28:10:2025 12:08:15,9976,10006
Demo_Session_004_13_07,004,13_07,latency,Demo_Session_004_13_07_latency.csv,28:10:2025 12:08:20,11279,11285
Demo_Session_004_13_07,004,13_07,latency,Demo_Session_004_13_07_latency.csv,28:10:2025 12:08:25,12675,13182
Demo_Session_004_13_07,004,13_07,latency,Demo_Session_004_13_07_latency.csv,28:10:2025 12:08:30,14686,14593
Demo_Session_004_13_07,004,13_07,latency,Demo_Session_004_13_07_latency.csv,28:10:2025 12:08:35,16135,16678
Demo_Session_004_13_07,004,13_07,latency,Demo_Session_004_13_07_latency.csv,28:10:2025 12:08:40,18096,17955
Demo_Session_004_13_07,004,13_07,latency,Demo_Session_004_13_07_latency.csv,28:10:2025 12:08:45,19388,19289
Demo_Session_004_13_07,004,13_07,latency,Demo_Session_004_13_07_latency.csv,28:10:2025 12:08:50,21062,20909
Demo_Session_004_13_07,004,13_07,latency,Demo_Session_004_13_07_latency.csv,28:10:2025 12:08:55,22158,21915
Demo_Session_004_13_07,004,13_07,latency,Demo_Session_004_13_07_latency.csv,28:10:2025 12:09:00,23895,23735
Demo_Session_004_13_07,004,13_07,latency,Demo_Session_004_13_07_latency.csv,28:10:2025 12:09:05,24988,24804
Demo_Session_004_13_07,004,13_07,latency,Demo_Session_004_13_07_latency.csv,28:10:2025 12:09:10,26194,26536
Demo_Session_004_13_07,004,13_07,latency,Demo_Session_004_13_07_latency.csv,28:10:2025 12:09:15,28404,27946
Demo_Session_004_13_07,004,13_07,latency,Demo_Session_004_13_07_latency.csv,28:10:2025 12:09:20,29771,30043
Demo_Session_004_13_07,004,13_07,latency,Demo_Session_004_13_07_latency.csv,28:10:2025 12:09:25,30373,32996
Demo_Session_004_13_07,004,13_07,latency,Demo_Session_004_13_07_latency.csv,28:10:2025 12:09:30,30373,39015
Demo_Session_004_13_07,004,13_07,latency,Demo_Session_004_13_07_latency.csv,28:10:2025 12:09:35,30373,43022
Demo_Session_004_13_07,004,13_07,latency,Demo_Session_004_13_07_latency.csv,28:10:2025 12:09:40,30373,49030
Demo_Session_004_13_07,004,13_07,latency,Demo_Session_004_13_07_latency.csv,28:10:2025 12:09:45,30373,53047
Demo_Session_004_13_07,004,13_07,latency,Demo_Session_004_13_07_latency.csv,28:10:2025 12:09:50,30373,59066
Demo_Session_004_13_07,004,13_07,latency,Demo_Session_004_13_07_latency.csv,28:10:2025 12:09:55,1947,1839
Demo_Session_004_13_07,004,13_07,latency,Demo_Session_004_13_07_latency.csv,28:10:2025 12:10:00,3965,3848
Demo_Session_004_13_07,004,13_07,latency,Demo_Session_004_13_07_latency.csv,28:10:2025 12:10:05,4532,4188
Demo_Session_004_13_07,004,13_07,latency,Demo_Session_004_13_07_latency.csv,28:10:2025 12:10:10,2866,2518
Demo_Session_004_13_07,004,13_07,latency,Demo_Session_004_13_07_latency.csv,28:10:2025 12:10:15,2120,2186
Demo_Session_004_13_07,004,13_07,latency,Demo_Session_004_13_07_latency.csv,28:10:2025 12:10:20,1453,1350
Demo_Session_004_13_07,004,13_07,latency,Demo_Session_004_13_07_latency.csv,28:10:2025 12:10:25,1672,1308
Demo_Session_004_13_07,004,13_07,latency,Demo_Session_004_13_07_latency.csv,28:10:2025 12:10:30,737,650
Demo_Session_004_13_07,004,13_07,latency,Demo_Session_004_13_07_latency.csv,28:10:2025 12:10:35,226,203
Demo_Session_004_13_07,004,13_07,latency,Demo_Session_004_13_07_latency.csv,28:10:2025 12:10:40,-222,-251
Demo_Session_004_13_07,004,13_07,latency,Demo_Session_004_13_07_latency.csv,28:10:2025 12:10:45,-363,-352
Demo_Session_004_13_07,004,13_07,latency,Demo_Session_004_13_07_latency.csv,28:10:2025 12:10:50,-352,-348
Demo_Session_004_13_07,004,13_07,latency,Demo_Session_004_13_07_latency.csv,28:10:2025 12:10:55,-363,-322
Demo_Session_004_13_07,004,13_07,latency,Demo_Session_004_13_07_latency.csv,28:10:2025 12:11:00,-374,-362
Demo_Session_004_13_07,004,13_07,latency,Demo_Session_004_13_07_latency.csv,28:10:2025 12:11:05,-371,-370
Demo_Session_004_13_07,004,13_07,latency,Demo_Session_004_13_07_latency.csv,28:10:2025 12:11:10,-362,-348
Demo_Session_004_13_07,004,13_07,latency,Demo_Session_004_13_07_latency.csv,28:10:2025 12:11:15,-174,-142
Demo_Session_004_13_07,004,13_07,latency,Demo_Session_004_13_07_latency.csv,28:10:2025 12:11:20,-380,-312
